INSERT INTO DIPLOMADO(dipId,dipNombre,dipHorasDuracion,dipModalidad) VALUES (01,'canta Culiquitaca como un pro',40,'presencial');
INSERT INTO DIPLOMADO(dipId,dipNombre,dipHorasDuracion,dipModalidad) VALUES (02,'curso de electicidad',50,'presencial');
INSERT INTO DIPLOMADO(dipId,dipNombre,dipHorasDuracion,dipModalidad) VALUES (03,'hacer empanadas',40,'presencial');
INSERT INTO DIPLOMADO(dipId,dipNombre,dipHorasDuracion,dipModalidad) VALUES (04,'emprendimiento online',15,'virtual');
INSERT INTO DIPLOMADO(dipId,dipNombre,dipHorasDuracion,dipModalidad) VALUES (05,'asdasda',40,'presencial');
INSERT INTO DIPLOMADO(dipId,dipNombre,dipHorasDuracion,dipModalidad) VALUES (07,'atencion al cliente',35,'semipresencial');
INSERT INTO DIPLOMADO(dipId,dipNombre,dipHorasDuracion,dipModalidad) VALUES (08,'aprende en duolingo como un pro',20,'virtual');
INSERT INTO DIPLOMADO(dipId,dipNombre,dipHorasDuracion,dipModalidad) VALUES (09,'bailar samba',20,'presencial');


INSERT INTO ESTILISTA(estId,estNombre,estGenero,estFechaNacimiento) VALUES (100,'elver gomez','F','02/12/2000');
INSERT INTO ESTILISTA(estId,estNombre,estGenero,estFechaNacimiento) VALUES (101,'elver gomez','m','02/12/2000');
INSERT INTO ESTILISTA(estId,estNombre,estGenero,estFechaNacimiento) VALUES (102,'maria db','m','02/2/2000');
INSERT INTO ESTILISTA(estId,estNombre,estGenero,estFechaNacimiento) VALUES (103,'camilo','m','02/12/2000');
INSERT INTO ESTILISTA(estId,estNombre,estGenero,estFechaNacimiento) VALUES (104,'eneda','f','05/01/2000');
INSERT INTO ESTILISTA(estId,estNombre,estGenero,estFechaNacimiento) VALUES (105,'armando iglecias','m','12/30/2000');
INSERT INTO ESTILISTA(estId,estNombre,estGenero,estFechaNacimiento) VALUES (106,'carlos','m','6/12/1980');

INSERT INTO REGISTRA(estId,dipId,regFechaInicio,regFechaFin) VALUES (101,01,'4/22/2014','11/20/2014');
INSERT INTO REGISTRA(estId,dipId,regFechaInicio,regFechaFin) VALUES (101,02,'4/22/2015','11/20/2015');
INSERT INTO REGISTRA(estId,dipId,regFechaInicio,regFechaFin) VALUES (101,03,'4/22/2015','11/20/2015');
INSERT INTO REGISTRA(estId,dipId,regFechaInicio,regFechaFin) VALUES (101,04,'4/22/2015','11/20/2015');
INSERT INTO REGISTRA(estId,dipId,regFechaInicio,regFechaFin) VALUES (101,05,'4/22/2015','11/20/2015');
INSERT INTO REGISTRA(estId,dipId,regFechaInicio,regFechaFin) VALUES (101,07,'4/22/2015','11/20/2015');
INSERT INTO REGISTRA(estId,dipId,regFechaInicio,regFechaFin) VALUES (101,08,'4/22/2015','11/20/2015');
INSERT INTO REGISTRA(estId,dipId,regFechaInicio,regFechaFin) VALUES (101,9,'4/22/2015','11/20/2015');
INSERT INTO REGISTRA(estId,dipId,regFechaInicio,regFechaFin) VALUES (103,04,'01/01/2002','06/30/2002');
INSERT INTO REGISTRA(estId,dipId,regFechaInicio,regFechaFin) VALUES (103,01,'01/01/2002','06/30/2002');
INSERT INTO REGISTRA(estId,dipId,regFechaInicio,regFechaFin) VALUES (100,08,'01/01/2002','06/30/2002');
INSERT INTO REGISTRA(estId,dipId,regFechaInicio,regFechaFin) VALUES (106,09,'01/01/2002','06/30/2002');
INSERT INTO REGISTRA(estId,dipId,regFechaInicio,regFechaFin) VALUES (103,07,'01/01/2002','06/30/2002');



INSERT INTO REGISTRA(estId,dipId,regFechaInicio,regFechaFin) VALUES (100,01,'4/22/2014','11/20/2014');
INSERT INTO REGISTRA(estId,dipId,regFechaInicio,regFechaFin) VALUES (100,02,'4/22/2015','11/20/2015');
INSERT INTO REGISTRA(estId,dipId,regFechaInicio,regFechaFin) VALUES (100,03,'4/22/2015','11/20/2015');
INSERT INTO REGISTRA(estId,dipId,regFechaInicio,regFechaFin) VALUES (100,04,'4/22/2015','11/20/2015');
INSERT INTO REGISTRA(estId,dipId,regFechaInicio,regFechaFin) VALUES (100,05,'4/22/2015','11/20/2015');
INSERT INTO REGISTRA(estId,dipId,regFechaInicio,regFechaFin) VALUES (100,07,'4/22/2015','11/20/2015');
INSERT INTO REGISTRA(estId,dipId,regFechaInicio,regFechaFin) VALUES (100,08,'4/22/2015','11/20/2015');
INSERT INTO REGISTRA(estId,dipId,regFechaInicio,regFechaFin) VALUES (100,9,'4/22/2015','11/20/2015');
INSERT INTO REGISTRA(estId,dipId,regFechaInicio,regFechaFin) VALUES (103,01,'4/22/2014','11/20/2014');
INSERT INTO REGISTRA(estId,dipId,regFechaInicio,regFechaFin) VALUES (103,02,'4/22/2015','11/20/2015');
INSERT INTO REGISTRA(estId,dipId,regFechaInicio,regFechaFin) VALUES (103,03,'4/22/2015','11/20/2015');
INSERT INTO REGISTRA(estId,dipId,regFechaInicio,regFechaFin) VALUES (103,04,'4/22/2015','11/20/2015');
INSERT INTO REGISTRA(estId,dipId,regFechaInicio,regFechaFin) VALUES (103,05,'4/22/2015','11/20/2015');
INSERT INTO REGISTRA(estId,dipId,regFechaInicio,regFechaFin) VALUES (103,07,'4/22/2015','11/20/2015');
INSERT INTO REGISTRA(estId,dipId,regFechaInicio,regFechaFin) VALUES (103,08,'4/22/2015','11/20/2015');
INSERT INTO REGISTRA(estId,dipId,regFechaInicio,regFechaFin) VALUES (103,9,'4/22/2015','11/20/2015');
INSERT INTO REGISTRA(estId,dipId,regFechaInicio,regFechaFin) VALUES (104,02,'4/22/2015','11/20/2015');
INSERT INTO REGISTRA(estId,dipId,regFechaInicio,regFechaFin) VALUES (104,03,'4/22/2015','11/20/2015');
INSERT INTO REGISTRA(estId,dipId,regFechaInicio,regFechaFin) VALUES (104,04,'4/22/2015','11/20/2015');
INSERT INTO REGISTRA(estId,dipId,regFechaInicio,regFechaFin) VALUES (104,05,'4/22/2015','11/20/2015');
INSERT INTO REGISTRA(estId,dipId,regFechaInicio,regFechaFin) VALUES (104,07,'4/22/2015','11/20/2015');
INSERT INTO REGISTRA(estId,dipId,regFechaInicio,regFechaFin) VALUES (104,08,'4/22/2015','11/20/2015');
INSERT INTO REGISTRA(estId,dipId,regFechaInicio,regFechaFin) VALUES (104,9,'4/22/2015','11/20/2015');